526 022,HART ROZR.I ALTER.4,Towary BX,PL,2405,45,2450,1,3
526 022,HART ROZR.I ALTER.4,Towary BX,PL,2405,45,2450,1,9
526 022,HART ROZR.I ALTER.4,Towary BX,PL,2405,45,2450,1,A
526 022,HART ROZR.I ALTER.4,Towary BX,PL,2405,45,2450,1,H
DT0445110139,DIESEL TECH,Towary BX,ES,4962,240,5202,1,9
DT0445110139,DIESEL TECH,Towary BX,ES,4962,240,5202,1,A
526 023,HART ROZR.I ALTER.4,Towary BX,PL,3221,45,3266,1,9
526 023,HART ROZR.I ALTER.4,Towary BX,PL,3221,45,3266,1,H
530 747,HART ROZR.I ALTER.4,Towary BX,PL,2964,45,3009,1,9
530 747,HART ROZR.I ALTER.4,Towary BX,PL,2964,45,3009,1,H
530 747,HART ROZR.I ALTER.4,Towary BX,PL,2964,45,3009,1,J
546 401,HART ROZR.I ALTER.4,Towary BX,PL,1309,45,1354,1,3
526 177,HART ROZR.I ALTER.4,Towary BX,PL,3511,45,3556,1,3
526 177,HART ROZR.I ALTER.4,Towary BX,PL,3511,45,3556,1,9
526 177,HART ROZR.I ALTER.4,Towary BX,PL,3511,45,3556,1,A
526 177,HART ROZR.I ALTER.4,Towary BX,PL,3511,45,3556,1,H
526 177,HART ROZR.I ALTER.4,Towary BX,PL,3511,45,3556,1,J
542 266,HART ROZR.I ALTER.4,Towary BX,PL,4246,45,4291,1,3
0 986 473 381,BOSCH,Towary BX,PL,3914,160,4074,1,A
305436,LÖBRO,Towary BX,DE,8003,72,8075,1,A
38034200,TEXTAR,Towary BX,SK,1947,120,2067,1,9
0 986 435 004,BOSCH,Towary BX,PL,10581,200,10781,1,J
DC72970,REMY,Towary BX,HU,4688,168,4856,1,9
BHS1294E,TRW,Towary BX,DE,3080,24,3104,1,A
0 986 435 212,BOSCH,Towary BX,PL,10645,200,10845,1,9
0 986 435 355,BOSCH,Towary BX,PL,10718,200,10918,1,3
0 986 435 355,BOSCH,Towary BX,PL,10718,200,10918,1,9
0 986 435 355,BOSCH,Towary BX,PL,10718,200,10918,3,A
534 340,HART ROZR.I ALTER.4,Towary BX,PL,5830,45,5875,1,3
0 986 474 231,BOSCH,Towary BX,PL,2531,120,2651,1,A
0 986 047 910,BOSCH,Towary BX,PL,10827,400,11227,1,9
0 986 047 910,BOSCH,Towary BX,PL,10827,400,11227,1,J
10-0789,AIRSTAL,Towary BX,PL,7013,100,7113,1,A
10-0678,Airstal,Towary BX,PL,3310,100,3410,1,3
526 014,HART ROZR.I ALTER.4,Towary BX,PL,3610,45,3655,1,3
526 014,HART ROZR.I ALTER.4,Towary BX,PL,3610,45,3655,3,9
526 014,HART ROZR.I ALTER.4,Towary BX,PL,3610,45,3655,1,A
526 014,HART ROZR.I ALTER.4,Towary BX,PL,3610,45,3655,1,H
526 014,HART ROZR.I ALTER.4,Towary BX,PL,3610,45,3655,1,J
BHN963E,TRW,Towary BX,CZ,2886,120,3006,1,3
BHN963E,TRW,Towary BX,CZ,2886,120,3006,1,9
BHN963E,TRW,Towary BX,CZ,2886,120,3006,1,A
BHN963E,TRW,Towary BX,CZ,2886,120,3006,1,H
BHN963E,TRW,Towary BX,CZ,2886,120,3006,1,J
BHZ922E,TRW,Towary BX,DE,2837,144,2981,1,3
526 028,HART ROZR.I ALTER.4,Towary BX,PL,3913,45,3958,1,3
526 028,HART ROZR.I ALTER.4,Towary BX,PL,3913,45,3958,1,9
526 028,HART ROZR.I ALTER.4,Towary BX,PL,3913,45,3958,1,A
526 028,HART ROZR.I ALTER.4,Towary BX,PL,3913,45,3958,1,H
526 028,HART ROZR.I ALTER.4,Towary BX,PL,3913,45,3958,1,J
38183400,TEXTAR,Towary BX,SK,3054,120,3174,1,9
305166,LÖBRO,Towary BX,DE,14613,72,14685,1,H
0 986 435 394,BOSCH,Towary BX,PL,4801,200,5001,4,J
Жов.89,Airstal,Towary BX,PL,9939,100,10039,1,9
Жов.89,Airstal,Towary BX,PL,9939,100,10039,1,A
0 986 473 079,BOSCH,Towary BX,PL,2713,120,2833,1,A
DT0445110176,DIESEL TECH,Towary BX,ES,9031,240,9271,1,9
DT0445110176,DIESEL TECH,Towary BX,ES,9031,240,9271,1,A
DT0445110176,DIESEL TECH,Towary BX,ES,9031,240,9271,1,J
BHN357E,TRW,Towary BX,FR,8787,360,9147,1,J
0 986 435 163,BOSCH,Towary BX,PL,2932,200,3132,1,H
0 986 435 163,BOSCH,Towary BX,PL,2932,200,3132,1,J
Жов.57,AIRSTAL,Towary BX,PL,16796,100,16896,1,A
BHS1486E,TRW,Towary BX,DE,6262,216,6478,1,9
DC885100,REMY,Towary BX,PL,1289,168,1457,1,J
306099,LÖBRO,Towary BX,DE,2243,72,2315,1,A
0 986 135 070,BOSCH,Towary BX,PL,1179,180,1359,1,3
0 986 135 070,BOSCH,Towary BX,PL,1179,180,1359,1,A
BHQ208E,TRW,Towary BX,DE,3949,216,4165,1,J
526 171,HART ROZR.I ALTER.4,Towary BX,PL,1881,45,1926,1,3
DT0445110252,DIESEL TECH,Towary BX,ES,7884,240,8124,1,3
DT0445110252,DIESEL TECH,Towary BX,ES,7884,240,8124,1,9
DT0445110252,DIESEL TECH,Towary BX,ES,7884,240,8124,1,A
DT0445110252,DIESEL TECH,Towary BX,ES,7884,240,8124,1,H
DT0445110252,DIESEL TECH,Towary BX,ES,7884,240,8124,1,J
10-0708,AIRSTAL,Towary BX,PL,9106,100,9206,1,9
0 986 134 049,BOSCH,Towary BX,PL,4208,160,4368,1,3
0 986 435 413,BOSCH,Towary BX,PL,9363,200,9563,1,H
BHW652E,TRW,Towary BX,GB,3801,120,3921,1,J
526 170,HART ROZR.I ALTER.4,Towary BX,PL,1457,45,1502,2,3
526 170,HART ROZR.I ALTER.4,Towary BX,PL,1457,45,1502,1,9
526 170,HART ROZR.I ALTER.4,Towary BX,PL,1457,45,1502,1,J
0 986 080 060,BOSCH,Towary BX,PL,9057,400,9457,1,A
305167,LÖBRO,Towary BX,DE,13088,72,13160,1,9
0 986 435 356,BOSCH,Towary BX,PL,5745,200,5945,1,9
0 986 435 356,BOSCH,Towary BX,PL,5745,200,5945,2,A
0 986 435 356,BOSCH,Towary BX,PL,5745,200,5945,1,H
0 986 435 356,BOSCH,Towary BX,PL,5745,200,5945,1,J
0 986 474 059,BOSCH,Towary BX,PL,2123,120,2243,1,A
526 188,HART ROZR.I ALTER.4,Towary BX,PL,1988,45,2033,1,A
526 188,HART ROZR.I ALTER.4,Towary BX,PL,1988,45,2033,1,J
BHN964E,TRW,Towary BX,CZ,1112,120,1232,1,3
BHN964E,TRW,Towary BX,CZ,1112,120,1232,1,9
BHN964E,TRW,Towary BX,CZ,1112,120,1232,1,A
BHN964E,TRW,Towary BX,CZ,1112,120,1232,1,H
BHS1008E,TRW,Towary BX,CZ,1625,360,1985,1,H
0 986 474 384,BOSCH,Towary BX,PL,2341,180,2521,1,3
526 047,HART ROZR.I ALTER.4,Towary BX,PL,1286,45,1331,1,3
526 047,HART ROZR.I ALTER.4,Towary BX,PL,1286,45,1331,1,9
526 047,HART ROZR.I ALTER.4,Towary BX,PL,1286,45,1331,1,J
546 442,HART ROZR.I ALTER.4,Towary BX,PL,1923,45,1968,1,9
DC884648,REMY,Towary BX,PL,2224,168,2392,1,H
10-1628,Airstal,Towary BX,PL,15754,100,15854,1,J
38120400,TEXTAR,Towary BX,SK,2398,120,2518,1,3
526 212,HART ROZR.I ALTER.4,Towary BX,PL,2174,45,2219,1,3
526 212,HART ROZR.I ALTER.4,Towary BX,PL,2174,45,2219,1,J
0 986 474 057,BOSCH,Towary BX,PL,1244,120,1364,1,H
Жов.98,Airstal,Towary BX,PL,14688,100,14788,1,A
BHV933E,TRW,Towary BX,DE,5234,216,5450,1,9
0 986 473 070,BOSCH,Towary BX,PL,2724,120,2844,1,9
0 986 473 070,BOSCH,Towary BX,PL,2724,120,2844,1,H
10-0567,AIRSTAL,Towary BX,PL,11464,100,11564,1,A
0 986 435 360,BOSCH,Towary BX,PL,6622,200,6822,4,9
DTR04001D,DIESEL TECH,Towary BX,ES,3195,240,3435,1,3
DTR04001D,DIESEL TECH,Towary BX,ES,3195,240,3435,1,9
DTR04001D,DIESEL TECH,Towary BX,ES,3195,240,3435,1,A
DTR04001D,DIESEL TECH,Towary BX,ES,3195,240,3435,1,H
DTR04001D,DIESEL TECH,Towary BX,ES,3195,240,3435,1,J
534 349,HART ROZR.I ALTER.4,Towary BX,PL,2284,45,2329,1,J
Жов.97,Airstal,Towary BX,PL,3528,100,3628,1,3
526 192,HART ROZR.I ALTER.4,Towary BX,PL,919,45,964,1,3
526 192,HART ROZR.I ALTER.4,Towary BX,PL,919,45,964,1,9
526 192,HART ROZR.I ALTER.4,Towary BX,PL,919,45,964,1,H
526 192,HART ROZR.I ALTER.4,Towary BX,PL,919,45,964,2,J
DC82979,REMY,Towary BX,PL,2361,96,2457,1,A
526 216,HART ROZR.I ALTER.4,Towary BX,PL,2523,45,2568,1,9
526 216,HART ROZR.I ALTER.4,Towary BX,PL,2523,45,2568,1,A
DTR02201Z,DIESEL TECH,Towary BX,ES,8838,240,9078,1,9
DTR02201Z,DIESEL TECH,Towary BX,ES,8838,240,9078,1,A
DTR02201Z,DIESEL TECH,Towary BX,ES,8838,240,9078,1,H
DTR02201Z,DIESEL TECH,Towary BX,ES,8838,240,9078,1,J
K S01 000 127,BOSCH,Towary BX,PL,11970,300,12270,1,J
0 986 435 369,BOSCH,Towary BX,PL,12190,200,12390,1,A
0 986 435 369,BOSCH,Towary BX,PL,12190,200,12390,1,H
Жов.86,Airstal,Towary BX,PL,5374,100,5474,1,9
10-0390,AIRSTAL,Towary BX,PL,10678,100,10778,1,3
10-0390,AIRSTAL,Towary BX,PL,10678,100,10778,1,H
BHW676E,TRW,Towary BX,CZ,2324,24,2348,1,A
304874,LÖBRO,Towary BX,DE,10436,72,10508,1,A
0 986 435 359,BOSCH,Towary BX,PL,3217,200,3417,3,A
0 986 435 359,BOSCH,Towary BX,PL,3217,200,3417,2,H
0 986 435 359,BOSCH,Towary BX,PL,3217,200,3417,6,J
BHN995E,TRW,Towary BX,DE,8107,360,8467,1,A
0 986 049 460,BOSCH,Towary BX,PL,5028,200,5228,1,A
0 986 135 054,BOSCH,Towary BX,PL,6277,180,6457,1,J
305289,LÖBRO,Towary BX,ES,4415,72,4487,1,3
526 013,HART ROZR.I ALTER.4,Towary BX,PL,782,45,827,1,9
526 013,HART ROZR.I ALTER.4,Towary BX,PL,782,45,827,1,J
BHX601E,TRW,Towary BX,GB,3761,120,3881,1,3
0 986 435 122,BOSCH,Towary BX,PL,3209,200,3409,1,A
BHN996E,TRW,Towary BX,DE,3484,360,3844,1,9
BHN996E,TRW,Towary BX,DE,3484,360,3844,1,A
BHN996E,TRW,Towary BX,DE,3484,360,3844,1,H
DT0445110059,DIESEL TECH,Towary BX,ES,5667,240,5907,1,A
304537,LÖBRO,Towary BX,DE,5568,72,5640,1,J
0 986 435 357,BOSCH,Towary BX,PL,8885,200,9085,1,A
10-0074,AIRSTAL,Towary BX,PL,10957,100,11057,1,A
526 018,HART ROZR.I ALTER.4,Towary BX,PL,1214,45,1259,1,3
526 018,HART ROZR.I ALTER.4,Towary BX,PL,1214,45,1259,1,H
526 018,HART ROZR.I ALTER.4,Towary BX,PL,1214,45,1259,1,J
BHN165E,TRW,Towary BX,CZ,1127,120,1247,1,A
BHN165E,TRW,Towary BX,CZ,1127,120,1247,1,J
DTR01001D,DIESEL TECH,Towary BX,ES,3967,240,4207,1,A
DTR01001D,DIESEL TECH,Towary BX,ES,3967,240,4207,1,J
BHS1065E,TRW,Towary BX,DE,2224,120,2344,1,J
BHS1457E,TRW,Towary BX,GB,2653,216,2869,1,9
534 346,HART ROZR.I ALTER.4,Towary BX,PL,1588,45,1633,1,3
546 500,HART ROZR.I ALTER.4,Towary BX,PL,2889,45,2934,1,J
305671,LÖBRO,Towary BX,ES,6021,72,6093,1,A
552 002,VALEO,Towary BX,PL,1398,45,1443,1,A
10-0792,AIRSTAL,Towary BX,PL,9140,100,9240,1,A
526 230,HART ROZR.I ALTER.4,Towary BX,PL,3021,45,3066,1,3
526 230,HART ROZR.I ALTER.4,Towary BX,PL,3021,45,3066,2,9
526 230,HART ROZR.I ALTER.4,Towary BX,PL,3021,45,3066,1,A
526 230,HART ROZR.I ALTER.4,Towary BX,PL,3021,45,3066,1,H
526 230,HART ROZR.I ALTER.4,Towary BX,PL,3021,45,3066,2,J
Жов.67,AIRSTAL,Towary BX,PL,11382,100,11482,1,3
DRA2311,REMY,Towary BX,PL,1680,48,1728,1,J
HRD659,DELPHI,Towary BX,GB,12883,250,13133,1,3
HRD659,DELPHI,Towary BX,GB,12883,250,13133,1,A
HRD659,DELPHI,Towary BX,GB,12883,250,13133,1,J
0 986 435 244,BOSCH,Towary BX,PL,10985,200,11185,1,9
0 986 435 244,BOSCH,Towary BX,PL,10985,200,11185,1,A
0 986 435 244,BOSCH,Towary BX,PL,10985,200,11185,1,H
0 986 435 244,BOSCH,Towary BX,PL,10985,200,11185,1,J
HRD628,DELPHI,Towary BX,GB,7019,250,7269,1,H
0 986 135 052,BOSCH,Towary BX,PL,3369,180,3549,1,A
0 986 473 384,BOSCH,Towary BX,PL,2008,180,2188,1,9
526 049,HART ROZR.I ALTER.4,Towary BX,PL,1949,45,1994,1,3
526 049,HART ROZR.I ALTER.4,Towary BX,PL,1949,45,1994,1,9
526 207,HART ROZR.I ALTER.4,Towary BX,PL,4829,45,4874,1,3
526 207,HART ROZR.I ALTER.4,Towary BX,PL,4829,45,4874,1,9
526 207,HART ROZR.I ALTER.4,Towary BX,PL,4829,45,4874,1,H
BHT287E,TRW,Towary BX,DE,11581,360,11941,1,A
551 436,HART ROZR.I ALTER.4,Towary BX,PL,2114,45,2159,1,9
BHW675E,TRW,Towary BX,CZ,2898,24,2922,1,A
BHW675E,TRW,Towary BX,CZ,2898,24,2922,1,H
JPR396,TRW,Towary BX,CZ,7347,528,7875,1,9
38176800,TEXTAR,Towary BX,GB,2770,120,2890,1,3
548 421,HART ROZR.I ALTER.4,Towary BX,PL,2449,45,2494,1,3
38120500,TEXTAR,Towary BX,SK,949,120,1069,1,3
0 986 134 203,BOSCH,Towary BX,PL,4073,180,4253,1,A
304757,LÖBRO,Półosie,DE,3103,72,3175,1,9
534 342,HART ROZR.I ALTER.4,Towary BX,BE,4242,45,4287,1,3
534 342,HART ROZR.I ALTER.4,Towary BX,BE,4242,45,4287,1,9
534 342,HART ROZR.I ALTER.4,Towary BX,BE,4242,45,4287,1,H
0 986 435 007,BOSCH,Towary BX,PL,2811,200,3011,1,A
10-1029,AIRSTAL,Towary BX,PL,7331,100,7431,1,A
0 986 435 364,BOSCH,Towary BX,PL,5736,200,5936,2,3
0 986 435 402,BOSCH,Towary BX,PL,6014,200,6214,1,H
526 034,HART ROZR.I ALTER.4,Towary BX,PL,1993,45,2038,2,3
526 034,HART ROZR.I ALTER.4,Towary BX,PL,1993,45,2038,1,9
526 034,HART ROZR.I ALTER.4,Towary BX,PL,1993,45,2038,4,A
526 034,HART ROZR.I ALTER.4,Towary BX,PL,1993,45,2038,1,H
526 034,HART ROZR.I ALTER.4,Towary BX,PL,1993,45,2038,1,J
530 786,HART ROZR.I ALTER.4,Towary BX,PL,2424,45,2469,1,3
530 786,HART ROZR.I ALTER.4,Towary BX,PL,2424,45,2469,1,9
530 786,HART ROZR.I ALTER.4,Towary BX,PL,2424,45,2469,1,A
530 786,HART ROZR.I ALTER.4,Towary BX,PL,2424,45,2469,1,H
530 786,HART ROZR.I ALTER.4,Towary BX,PL,2424,45,2469,1,J
DC82794,REMY,Towary BX,PL,3121,96,3217,1,3
DTR01101D,DIESEL TECH,Towary BX,ES,8103,240,8343,1,9
526 187,HART ROZR.I ALTER.4,Towary BX,PL,2564,45,2609,1,3
526 187,HART ROZR.I ALTER.4,Towary BX,PL,2564,45,2609,1,A
526 187,HART ROZR.I ALTER.4,Towary BX,PL,2564,45,2609,1,J
0 986 474 300,BOSCH,Towary BX,PL,1852,160,2012,1,3
534 357,HART ROZR.I ALTER.4,Towary BX,PL,2576,45,2621,1,A
10-0084,AIRSTAL,Towary BX,PL,7398,100,7498,2,3
BHN172E,TRW,Towary BX,CZ,2177,72,2249,1,3
DSP1279,REMY,Towary BX,PL,10233,360,10593,1,A
527 241,HART ROZR.I ALTER.4,Towary BX,PL,2438,45,2483,1,H
10-1230,Airstal,Towary BX,PL,9956,100,10056,1,3
0 986 435 150,BOSCH,Towary BX,PL,5714,200,5914,1,A
BHV704E,TRW,Towary BX,DE,3599,120,3719,1,J
305948,LÖBRO,Towary BX,ES,10273,72,10345,1,3
305948,LÖBRO,Towary BX,ES,10273,72,10345,1,9
305948,LÖBRO,Towary BX,ES,10273,72,10345,1,A
305948,LÖBRO,Towary BX,ES,10273,72,10345,1,H
305948,LÖBRO,Towary BX,ES,10273,72,10345,2,J
0 986 437 096,BOSCH,Towary BX,PL,24751,400,25151,1,9
0 986 135 006,BOSCH,Towary BX,PL,4373,180,4553,1,9
0 986 134 371,BOSCH,Towary BX,PL,1565,120,1685,1,9
BHN183E,TRW,Towary BX,DE,1798,120,1918,1,A
BHN183E,TRW,Towary BX,DE,1798,120,1918,1,J
0 986 134 267,BOSCH,Towary BX,PL,3222,180,3402,1,A
305945,LÖBRO,Towary BX,ES,7288,72,7360,1,3
305945,LÖBRO,Towary BX,ES,7288,72,7360,1,9
305945,LÖBRO,Towary BX,ES,7288,72,7360,1,A
305945,LÖBRO,Towary BX,ES,7288,72,7360,1,H
305945,LÖBRO,Towary BX,ES,7288,72,7360,2,J
10-0841,AIRSTAL,Towary BX,PL,10554,100,10654,1,A
0 986 134 052,BOSCH,Towary BX,PL,1790,180,1970,1,H
0 986 435 411,BOSCH,Towary BX,PL,15558,200,15758,1,J
304906,LÖBRO,Towary BX,DE,4902,72,4974,1,J
10-0143,AIRSTAL,Towary BX,PL,11320,100,11420,1,3
306150,LÖBRO,Towary BX,DE,12385,72,12457,1,H
526 017,HART ROZR.I ALTER.4,Towary BX,PL,1000,45,1045,1,A
546 490,HART ROZR.I ALTER.4,Towary BX,PL,1648,45,1693,1,A
526 037,HART ROZR.I ALTER.4,Towary BX,PL,1976,45,2021,1,3
BHN358E,TRW,Towary BX,FR,6438,360,6798,1,J
10-0599,AIRSTAL,Towary BX,PL,7221,100,7321,1,9
10-0599,AIRSTAL,Towary BX,PL,7221,100,7321,1,A
526 173,HART ROZR.I ALTER.4,Towary BX,PL,768,45,813,1,3
526 173,HART ROZR.I ALTER.4,Towary BX,PL,768,45,813,1,9
526 173,HART ROZR.I ALTER.4,Towary BX,PL,768,45,813,1,J
DT0445110251,DIESEL TECH,Towary BX,ES,2391,240,2631,1,3
DT0445110251,DIESEL TECH,Towary BX,ES,2391,240,2631,1,9
DT0445110251,DIESEL TECH,Towary BX,ES,2391,240,2631,1,A
DT0445110251,DIESEL TECH,Towary BX,ES,2391,240,2631,1,H
DT0445110251,DIESEL TECH,Towary BX,ES,2391,240,2631,1,J
DT0445110175,DIESEL TECH,Towary BX,ES,3196,240,3436,1,9
DT0445110175,DIESEL TECH,Towary BX,ES,3196,240,3436,1,A
10-1261,Airstal,Towary BX,PL,8593,100,8693,1,H
526 181,HART ROZR.I ALTER.4,Towary BX,PL,1353,45,1398,1,3
526 181,HART ROZR.I ALTER.4,Towary BX,PL,1353,45,1398,1,9
526 181,HART ROZR.I ALTER.4,Towary BX,PL,1353,45,1398,1,A
526 181,HART ROZR.I ALTER.4,Towary BX,PL,1353,45,1398,1,H
526 181,HART ROZR.I ALTER.4,Towary BX,PL,1353,45,1398,1,J
BHS1064E,TRW,Towary BX,DE,5279,120,5399,1,J
542 265,HART ROZR.I ALTER.4,Towary BX,PL,1995,45,2040,1,9
542 265,HART ROZR.I ALTER.4,Towary BX,PL,1995,45,2040,1,H
10-0655,AIRSTAL,Towary BX,PL,10075,100,10175,1,H
530 750,HART ROZR.I ALTER.4,Towary BX,PL,2589,45,2634,1,9
526 026,HART ROZR.I ALTER.4,Towary BX,PL,3797,45,3842,1,3
526 026,HART ROZR.I ALTER.4,Towary BX,PL,3797,45,3842,1,9
526 026,HART ROZR.I ALTER.4,Towary BX,PL,3797,45,3842,1,H
526 026,HART ROZR.I ALTER.4,Towary BX,PL,3797,45,3842,1,J
10-0725,Airstal,Towary BX,PL,7541,100,7641,1,9
10-0725,Airstal,Towary BX,PL,7541,100,7641,1,H
BHN182E,TRW,Towary BX,DE,3988,120,4108,1,3
BHN182E,TRW,Towary BX,DE,3988,120,4108,2,A
BHN182E,TRW,Towary BX,DE,3988,120,4108,1,H
BHN182E,TRW,Towary BX,DE,3988,120,4108,1,J
Жов.44,Airstal,Towary BX,PL,9208,100,9308,1,H
10-0917,AIRSTAL,Towary BX,PL,7575,100,7675,1,9
10-0917,AIRSTAL,Towary BX,PL,7575,100,7675,1,A
DTR04101D,DIESEL TECH,Towary BX,ES,6468,240,6708,1,9
DTR04101D,DIESEL TECH,Towary BX,ES,6468,240,6708,1,A
DTR04101D,DIESEL TECH,Towary BX,ES,6468,240,6708,1,J
0 986 435 055,BOSCH,Towary BX,PL,2586,200,2786,1,A
DT0445110351,DIESEL TECH,Towary BX,ES,6384,240,6624,1,9
DT0445110351,DIESEL TECH,Towary BX,ES,6384,240,6624,1,A
304922,LÖBRO,Towary BX,DE,5263,72,5335,1,9
531 773,HART ROZR.I ALTER.4,Towary BX,PL,2690,45,2735,2,H
534 353,HART ROZR.I ALTER.4,Towary BX,PL,3452,45,3497,1,3
534 353,HART ROZR.I ALTER.4,Towary BX,PL,3452,45,3497,1,9
534 353,HART ROZR.I ALTER.4,Towary BX,PL,3452,45,3497,1,A
534 353,HART ROZR.I ALTER.4,Towary BX,PL,3452,45,3497,1,H
534 353,HART ROZR.I ALTER.4,Towary BX,PL,3452,45,3497,1,J
BHN951E,TRW,Towary BX,DE,2768,216,2984,1,H
526 232,HART ROZR.I ALTER.4,Towary BX,PL,2806,45,2851,1,3
526 232,HART ROZR.I ALTER.4,Towary BX,PL,2806,45,2851,2,9
526 232,HART ROZR.I ALTER.4,Towary BX,PL,2806,45,2851,1,A
526 232,HART ROZR.I ALTER.4,Towary BX,PL,2806,45,2851,1,H
526 232,HART ROZR.I ALTER.4,Towary BX,PL,2806,45,2851,1,J
0 986 435 077,BOSCH,Towary BX,PL,9272,200,9472,1,A
305103,LÖBRO,Towary BX,DE,8799,72,8871,1,A
0 986 134 312,BOSCH,Towary BX,PL,1545,180,1725,1,H
0 986 041 860,BOSCH,Towary BX,PL,6455,200,6655,1,A
0 986 041 860,BOSCH,Towary BX,PL,6455,200,6655,1,J
526 024,HART ROZR.I ALTER.4,Towary BX,PL,1173,45,1218,1,9
0 986 435 363,BOSCH,Towary BX,PL,4953,200,5153,1,A
10-0648,AIRSTAL,Towary BX,PL,11101,100,11201,1,3
10-0648,AIRSTAL,Towary BX,PL,11101,100,11201,1,A
0 986 135 204,BOSCH,Towary BX,PL,4425,180,4605,1,J
HRD663,DELPHI,Towary BX,GB,10522,250,10772,1,3
HRD663,DELPHI,Towary BX,GB,10522,250,10772,1,9
HRD663,DELPHI,Towary BX,GB,10522,250,10772,1,A
HRD663,DELPHI,Towary BX,GB,10522,250,10772,1,J
DT0445110296,DIESEL TECH,Towary BX,ES,3484,240,3724,1,9
DT0445110296,DIESEL TECH,Towary BX,ES,3484,240,3724,1,A
DC785833,REMY,Towary BX,HU,5165,264,5429,1,A
526 016,HART ROZR.I ALTER.4,Towary BX,PL,3907,45,3952,1,9
526 016,HART ROZR.I ALTER.4,Towary BX,PL,3907,45,3952,1,A
526 016,HART ROZR.I ALTER.4,Towary BX,PL,3907,45,3952,1,J
0 986 135 000,BOSCH,Towary BX,PL,2514,180,2694,1,J
0 986 435 350,BOSCH,Towary BX,PL,9266,200,9466,1,H
BHX108E,TRW,Zaciski ham.i elemen,DE,1212,72,1284,1,9
526 229,HART ROZR.I ALTER.4,Towary BX,PL,4720,45,4765,1,H
526 140,HART ROZR.I ALTER.4,Towary BX,PL,1493,45,1538,1,A
526 140,HART ROZR.I ALTER.4,Towary BX,PL,1493,45,1538,1,H
BHV157E,TRW,Towary BX,FR,1645,72,1717,1,A
10-1403,AIRSTAL,Towary BX,PL,8768,100,8868,1,H
10-0033,AIRSTAL,Towary BX,PL,4045,100,4145,1,9
303592,LÖBRO,Towary BX,DE,2888,72,2960,1,A
526 194,HART ROZR.I ALTER.4,Towary BX,PL,1235,45,1280,1,3
526 194,HART ROZR.I ALTER.4,Towary BX,PL,1235,45,1280,1,9
526 172,HART ROZR.I ALTER.4,Towary BX,PL,2680,45,2725,1,3
526 172,HART ROZR.I ALTER.4,Towary BX,PL,2680,45,2725,1,H
526 172,HART ROZR.I ALTER.4,Towary BX,PL,2680,45,2725,1,J
BHN627E,TRW,Towary BX,DE,1236,144,1380,1,3
526 196,HART ROZR.I ALTER.4,Towary BX,PL,2503,45,2548,1,3
526 196,HART ROZR.I ALTER.4,Towary BX,PL,2503,45,2548,1,J
